year,film,producers,year_raw,ceremony_year_raw,film_release_year,ceremony_number,winner_flag
1927.0,Wings,"Paramount (Lucien Hubbard, Jesse L. Lasky, B. P. Schulberg, & Adolph Zukor, producers)",1927/28 (1st),1927/28 (1st),1927.0,1.0,
1927.0,7th Heaven,"Fox (William Fox, producer)",1927/28 (1st),1927/28 (1st),1927.0,1.0,
1927.0,The Racket,"The Caddo Company (Howard Hughes, producer)",1927/28 (1st),1927/28 (1st),1927.0,1.0,
1928.0,The Broadway Melody,"Metro-Goldwyn-Mayer (Irving Thalberg & Lawrence Weingarten, producers)",1928/29 (2nd) [a],1928/29 (2nd) [a],1928.0,2.0,
1928.0,Alibi,"Feature Productions (Roland West, producer)",1928/29 (2nd) [a],1928/29 (2nd) [a],1928.0,2.0,
1928.0,The Hollywood Revue,"Metro-Goldwyn-Mayer (Irving Thalberg & Harry Rapf, producers)",1928/29 (2nd) [a],1928/29 (2nd) [a],1928.0,2.0,
1928.0,In Old Arizona,"Fox (Winfield Sheehan, producer)",1928/29 (2nd) [a],1928/29 (2nd) [a],1928.0,2.0,
1928.0,The Patriot,Paramount,1928/29 (2nd) [a],1928/29 (2nd) [a],1928.0,2.0,
1929.0,All Quiet on the Western Front,Universal (Carl Laemmle),1929/30 (3rd),1929/30 (3rd),1929.0,3.0,
1929.0,The Big House,"Cosmopolitan (Irving Thalberg, producer)",1929/30 (3rd),1929/30 (3rd),1929.0,3.0,
1929.0,Disraeli,"Warner Bros. (Jack L. Warner & Darryl F. Zanuck, producers)",1929/30 (3rd),1929/30 (3rd),1929.0,3.0,
1929.0,The Divorcee,"Metro-Goldwyn-Mayer (Robert Z. Leonard, producer)",1929/30 (3rd),1929/30 (3rd),1929.0,3.0,
1929.0,The Love Parade,"Paramount Famous Lasky (Ernst Lubitsch, producer)",1929/30 (3rd),1929/30 (3rd),1929.0,3.0,
1930.0,Cimarron,"RKO Radio (William LeBaron, producer)",1930/31 (4th),1930/31 (4th),1930.0,4.0,
1930.0,East Lynne,Fox,1930/31 (4th),1930/31 (4th),1930.0,4.0,
1930.0,The Front Page,"The Caddo Company (Howard Hughes & Lewis Milestone, producers)",1930/31 (4th),1930/31 (4th),1930.0,4.0,
1930.0,Skippy,"Paramount Publix (Jesse L. Lasky, B. P. Schulberg, & Adolph Zukor, producers)",1930/31 (4th),1930/31 (4th),1930.0,4.0,
1930.0,Trader Horn,"Metro-Goldwyn-Mayer (Irving Thalberg, producer)",1930/31 (4th),1930/31 (4th),1930.0,4.0,
1931.0,Grand Hotel,"Metro-Goldwyn-Mayer (Irving Thalberg, producer)",1931/32 (5th),1931/32 (5th),1931.0,5.0,
1931.0,Arrowsmith,"Samuel Goldwyn Productions (Samuel Goldwyn, producer)",1931/32 (5th),1931/32 (5th),1931.0,5.0,
1931.0,Bad Girl,Fox,1931/32 (5th),1931/32 (5th),1931.0,5.0,
1931.0,The Champ,"Metro-Goldwyn-Mayer (King Vidor, producer)",1931/32 (5th),1931/32 (5th),1931.0,5.0,
1931.0,Five Star Final,"First National (Hal B. Wallis, producer)",1931/32 (5th),1931/32 (5th),1931.0,5.0,
1931.0,One Hour with You,"Paramount Publix (Ernst Lubitsch, producer)",1931/32 (5th),1931/32 (5th),1931.0,5.0,
1931.0,Shanghai Express,"Paramount Publix (Adolph Zukor, producer)",1931/32 (5th),1931/32 (5th),1931.0,5.0,
1931.0,The Smiling Lieutenant,"Paramount Publix (Ernst Lubitsch, producer)",1931/32 (5th),1931/32 (5th),1931.0,5.0,
1932.0,Cavalcade,"Fox (Frank Lloyd & Winfield Sheehan, producers)",1932/33 (6th) [c],1932/33 (6th) [c],1932.0,6.0,
1932.0,42nd Street,Warner Bros.,1932/33 (6th) [c],1932/33 (6th) [c],1932.0,6.0,
1932.0,A Farewell to Arms,Paramount,1932/33 (6th) [c],1932/33 (6th) [c],1932.0,6.0,
1932.0,I Am a Fugitive from a Chain Gang,Warner Bros.,1932/33 (6th) [c],1932/33 (6th) [c],1932.0,6.0,
1932.0,Lady for a Day,Columbia,1932/33 (6th) [c],1932/33 (6th) [c],1932.0,6.0,
1932.0,Little Women,RKO Radio,1932/33 (6th) [c],1932/33 (6th) [c],1932.0,6.0,
1932.0,The Private Life of Henry VIII,London Films,1932/33 (6th) [c],1932/33 (6th) [c],1932.0,6.0,
1932.0,She Done Him Wrong,Paramount,1932/33 (6th) [c],1932/33 (6th) [c],1932.0,6.0,
1932.0,Smilin' Through,Metro-Goldwyn-Mayer,1932/33 (6th) [c],1932/33 (6th) [c],1932.0,6.0,
1932.0,State Fair,Fox,1932/33 (6th) [c],1932/33 (6th) [c],1932.0,6.0,
1934.0,It Happened One Night,"Columbia (Frank Capra & Harry Cohn, producer)",1934 (7th) [d],1934 (7th) [d],1934.0,7.0,
1934.0,The Barretts of Wimpole Street,Metro-Goldwyn-Mayer,1934 (7th) [d],1934 (7th) [d],1934.0,7.0,
1934.0,Cleopatra,Paramount,1934 (7th) [d],1934 (7th) [d],1934.0,7.0,
1934.0,Flirtation Walk,First National,1934 (7th) [d],1934 (7th) [d],1934.0,7.0,
1934.0,The Gay Divorcee,RKO Radio,1934 (7th) [d],1934 (7th) [d],1934.0,7.0,
1934.0,Here Comes the Navy,Warner Bros.,1934 (7th) [d],1934 (7th) [d],1934.0,7.0,
1934.0,The House of Rothschild,20th Century,1934 (7th) [d],1934 (7th) [d],1934.0,7.0,
1934.0,Imitation of Life,Universal,1934 (7th) [d],1934 (7th) [d],1934.0,7.0,
1934.0,One Night of Love,Columbia,1934 (7th) [d],1934 (7th) [d],1934.0,7.0,
1934.0,The Thin Man,Metro-Goldwyn-Mayer,1934 (7th) [d],1934 (7th) [d],1934.0,7.0,
1934.0,Viva Villa!,Metro-Goldwyn-Mayer,1934 (7th) [d],1934 (7th) [d],1934.0,7.0,
1934.0,The White Parade,Jesse L. Lasky (production company),1934 (7th) [d],1934 (7th) [d],1934.0,7.0,
1935.0,Mutiny on the Bounty,"Metro-Goldwyn-Mayer (Frank Lloyd & Irving Thalberg, producers)",1935 (8th) [e],1935 (8th) [e],1935.0,8.0,
1935.0,Alice Adams,RKO Radio,1935 (8th) [e],1935 (8th) [e],1935.0,8.0,
1935.0,Broadway Melody of 1936,Metro-Goldwyn-Mayer,1935 (8th) [e],1935 (8th) [e],1935.0,8.0,
1935.0,Captain Blood,Cosmopolitan,1935 (8th) [e],1935 (8th) [e],1935.0,8.0,
1935.0,David Copperfield,Metro-Goldwyn-Mayer,1935 (8th) [e],1935 (8th) [e],1935.0,8.0,
1935.0,The Informer,RKO Radio,1935 (8th) [e],1935 (8th) [e],1935.0,8.0,
1935.0,The Lives of a Bengal Lancer,Paramount,1935 (8th) [e],1935 (8th) [e],1935.0,8.0,
1935.0,A Midsummer Night's Dream,Warner Bros.,1935 (8th) [e],1935 (8th) [e],1935.0,8.0,
1935.0,Les Misérables,20th Century,1935 (8th) [e],1935 (8th) [e],1935.0,8.0,
1935.0,Naughty Marietta,Metro-Goldwyn-Mayer,1935 (8th) [e],1935 (8th) [e],1935.0,8.0,
1935.0,Ruggles of Red Gap,Paramount,1935 (8th) [e],1935 (8th) [e],1935.0,8.0,
1935.0,Top Hat,RKO Radio,1935 (8th) [e],1935 (8th) [e],1935.0,8.0,
1936.0,The Great Ziegfeld,"Metro-Goldwyn-Mayer (Hunt Stromberg, producer)",1936 (9th),1936 (9th),1936.0,9.0,
1936.0,Anthony Adverse,Warner Bros.,1936 (9th),1936 (9th),1936.0,9.0,
1936.0,Dodsworth,"Samuel Goldwyn Productions (Samuel Goldwyn, producer)",1936 (9th),1936 (9th),1936.0,9.0,
1936.0,Libeled Lady,Metro-Goldwyn-Mayer,1936 (9th),1936 (9th),1936.0,9.0,
1936.0,Mr. Deeds Goes to Town,Columbia,1936 (9th),1936 (9th),1936.0,9.0,
1936.0,Romeo and Juliet,Metro-Goldwyn-Mayer,1936 (9th),1936 (9th),1936.0,9.0,
1936.0,San Francisco,Metro-Goldwyn-Mayer,1936 (9th),1936 (9th),1936.0,9.0,
1936.0,The Story of Louis Pasteur,Cosmopolitan,1936 (9th),1936 (9th),1936.0,9.0,
1936.0,A Tale of Two Cities,Metro-Goldwyn-Mayer,1936 (9th),1936 (9th),1936.0,9.0,
1936.0,Three Smart Girls,Universal,1936 (9th),1936 (9th),1936.0,9.0,
1937.0,The Life of Emile Zola,"Warner Bros. (Henry Blanke, producer)",1937 (10th),1937 (10th),1937.0,10.0,
1937.0,The Awful Truth,Columbia,1937 (10th),1937 (10th),1937.0,10.0,
1937.0,Captains Courageous,Metro-Goldwyn-Mayer,1937 (10th),1937 (10th),1937.0,10.0,
1937.0,Dead End,"Samuel Goldwyn Productions (Samuel Goldwyn, producer)",1937 (10th),1937 (10th),1937.0,10.0,
1937.0,The Good Earth,Metro-Goldwyn-Mayer,1937 (10th),1937 (10th),1937.0,10.0,
1937.0,In Old Chicago,20th Century-Fox,1937 (10th),1937 (10th),1937.0,10.0,
1937.0,Lost Horizon,Columbia,1937 (10th),1937 (10th),1937.0,10.0,
1937.0,One Hundred Men and a Girl,Universal,1937 (10th),1937 (10th),1937.0,10.0,
1937.0,Stage Door,RKO Radio,1937 (10th),1937 (10th),1937.0,10.0,
1937.0,A Star Is Born,Selznick International Pictures,1937 (10th),1937 (10th),1937.0,10.0,
1938.0,You Can't Take It with You,"Columbia (Frank Capra, producer)",1938 (11th),1938 (11th),1938.0,11.0,
1938.0,The Adventures of Robin Hood,Warner Bros.-First National,1938 (11th),1938 (11th),1938.0,11.0,
1938.0,Alexander's Ragtime Band,20th Century-Fox,1938 (11th),1938 (11th),1938.0,11.0,
1938.0,Boys Town,Metro-Goldwyn-Mayer,1938 (11th),1938 (11th),1938.0,11.0,
1938.0,The Citadel,Metro-Goldwyn-Mayer,1938 (11th),1938 (11th),1938.0,11.0,
1938.0,Four Daughters,Warner Bros.-First National,1938 (11th),1938 (11th),1938.0,11.0,
1938.0,Grand Illusion,Réalisation d'art Cinématographique,1938 (11th),1938 (11th),1938.0,11.0,
1938.0,Jezebel,Warner Bros.,1938 (11th),1938 (11th),1938.0,11.0,
1938.0,Pygmalion,Metro-Goldwyn-Mayer,1938 (11th),1938 (11th),1938.0,11.0,
1938.0,Test Pilot,Metro-Goldwyn-Mayer,1938 (11th),1938 (11th),1938.0,11.0,
1939.0,Gone with the Wind,"Metro-Goldwyn-Mayer (David O. Selznick, producer)",1939 (12th),1939 (12th),1939.0,12.0,
1939.0,Dark Victory,Warner Bros.-First National,1939 (12th),1939 (12th),1939.0,12.0,
1939.0,"Goodbye, Mr. Chips",Metro-Goldwyn-Mayer,1939 (12th),1939 (12th),1939.0,12.0,
1939.0,Love Affair,RKO Radio,1939 (12th),1939 (12th),1939.0,12.0,
1939.0,Mr. Smith Goes to Washington,Columbia,1939 (12th),1939 (12th),1939.0,12.0,
1939.0,Ninotchka,Metro-Goldwyn-Mayer,1939 (12th),1939 (12th),1939.0,12.0,
1939.0,Of Mice and Men,Hal Roach (production company),1939 (12th),1939 (12th),1939.0,12.0,
1939.0,Stagecoach,Walter Wanger (production company),1939 (12th),1939 (12th),1939.0,12.0,
1939.0,The Wizard of Oz,Metro-Goldwyn-Mayer,1939 (12th),1939 (12th),1939.0,12.0,
1939.0,Wuthering Heights,Samuel Goldwyn Productions,1939 (12th),1939 (12th),1939.0,12.0,
1940.0,Rebecca,"Selznick International Pictures (David O. Selznick, producer)",1940 (13th),1940 (13th),1940.0,13.0,
1940.0,"All This, and Heaven Too",Warner Bros.,1940 (13th),1940 (13th),1940.0,13.0,
1940.0,Foreign Correspondent,Walter Wanger (production company),1940 (13th),1940 (13th),1940.0,13.0,
1940.0,The Grapes of Wrath,20th Century-Fox,1940 (13th),1940 (13th),1940.0,13.0,
1940.0,The Great Dictator,Charles Chaplin Productions,1940 (13th),1940 (13th),1940.0,13.0,
1940.0,Kitty Foyle,RKO Radio,1940 (13th),1940 (13th),1940.0,13.0,
1940.0,The Letter,Warner Bros.,1940 (13th),1940 (13th),1940.0,13.0,
1940.0,The Long Voyage Home,Argosy-Wanger,1940 (13th),1940 (13th),1940.0,13.0,
1940.0,Our Town,Sol Lesser (production company),1940 (13th),1940 (13th),1940.0,13.0,
1940.0,The Philadelphia Story,Metro-Goldwyn-Mayer,1940 (13th),1940 (13th),1940.0,13.0,
1941.0,How Green Was My Valley,"20th Century-Fox (Darryl F. Zanuck, producer)",1941 (14th),1941 (14th),1941.0,14.0,
1941.0,Blossoms in the Dust,Metro-Goldwyn-Mayer,1941 (14th),1941 (14th),1941.0,14.0,
1941.0,Citizen Kane,Mercury,1941 (14th),1941 (14th),1941.0,14.0,
1941.0,Here Comes Mr. Jordan,Columbia,1941 (14th),1941 (14th),1941.0,14.0,
1941.0,Hold Back the Dawn,Paramount,1941 (14th),1941 (14th),1941.0,14.0,
1941.0,The Little Foxes,"Samuel Goldwyn Productions (Samuel Goldwyn, producer)",1941 (14th),1941 (14th),1941.0,14.0,
1941.0,The Maltese Falcon,Warner Bros.,1941 (14th),1941 (14th),1941.0,14.0,
1941.0,One Foot in Heaven,Warner Bros.,1941 (14th),1941 (14th),1941.0,14.0,
1941.0,Sergeant York,Warner Bros.,1941 (14th),1941 (14th),1941.0,14.0,
1941.0,Suspicion,RKO Radio,1941 (14th),1941 (14th),1941.0,14.0,
1942.0,Mrs. Miniver,"Metro-Goldwyn-Mayer (Sidney Franklin, producer)",1942 (15th),1942 (15th),1942.0,15.0,
1942.0,49th Parallel,Ortus,1942 (15th),1942 (15th),1942.0,15.0,
1942.0,Kings Row,Warner Bros.,1942 (15th),1942 (15th),1942.0,15.0,
1942.0,The Magnificent Ambersons,Mercury,1942 (15th),1942 (15th),1942.0,15.0,
1942.0,The Pied Piper,20th Century-Fox,1942 (15th),1942 (15th),1942.0,15.0,
1942.0,The Pride of the Yankees,"Samuel Goldwyn Productions (Samuel Goldwyn, producer)",1942 (15th),1942 (15th),1942.0,15.0,
1942.0,Random Harvest,Metro-Goldwyn-Mayer,1942 (15th),1942 (15th),1942.0,15.0,
1942.0,The Talk of the Town,Columbia,1942 (15th),1942 (15th),1942.0,15.0,
1942.0,Wake Island,Paramount,1942 (15th),1942 (15th),1942.0,15.0,
1942.0,Yankee Doodle Dandy,Warner Bros.,1942 (15th),1942 (15th),1942.0,15.0,
1943.0,Casablanca,"Warner Bros. (Hal B. Wallis, producer)",1943 (16th),1943 (16th),1943.0,16.0,
1943.0,For Whom the Bell Tolls,Paramount,1943 (16th),1943 (16th),1943.0,16.0,
1943.0,Heaven Can Wait,20th Century-Fox,1943 (16th),1943 (16th),1943.0,16.0,
1943.0,The Human Comedy,Metro-Goldwyn-Mayer,1943 (16th),1943 (16th),1943.0,16.0,
1943.0,In Which We Serve,Two Cities Films,1943 (16th),1943 (16th),1943.0,16.0,
1943.0,Madame Curie,Metro-Goldwyn-Mayer,1943 (16th),1943 (16th),1943.0,16.0,
1943.0,The More the Merrier,Columbia,1943 (16th),1943 (16th),1943.0,16.0,
1943.0,The Ox-Bow Incident,20th Century-Fox,1943 (16th),1943 (16th),1943.0,16.0,
1943.0,The Song of Bernadette,20th Century-Fox,1943 (16th),1943 (16th),1943.0,16.0,
1943.0,Watch on the Rhine,Warner Bros.,1943 (16th),1943 (16th),1943.0,16.0,
1944.0,Going My Way,"Paramount (Leo McCarey, producer)",1944 (17th),1944 (17th),1944.0,17.0,
1944.0,Double Indemnity,Paramount,1944 (17th),1944 (17th),1944.0,17.0,
1944.0,Gaslight,Metro-Goldwyn-Mayer,1944 (17th),1944 (17th),1944.0,17.0,
1944.0,Since You Went Away,"Selznick International Pictures (David O. Selznick, producer)",1944 (17th),1944 (17th),1944.0,17.0,
1944.0,Wilson,20th Century-Fox,1944 (17th),1944 (17th),1944.0,17.0,
1945.0,The Lost Weekend,"Paramount (Charles Brackett, producer)",1945 (18th),1945 (18th),1945.0,18.0,
1945.0,Anchors Aweigh,Metro-Goldwyn-Mayer,1945 (18th),1945 (18th),1945.0,18.0,
1945.0,The Bells of St. Mary's,Rainbow Productions,1945 (18th),1945 (18th),1945.0,18.0,
1945.0,Mildred Pierce,Warner Bros.,1945 (18th),1945 (18th),1945.0,18.0,
1945.0,Spellbound,"Selznick International Pictures (David O. Selznick, producer)",1945 (18th),1945 (18th),1945.0,18.0,
1946.0,The Best Years of Our Lives,"Samuel Goldwyn Productions (Samuel Goldwyn, producer)",1946 (19th),1946 (19th),1946.0,19.0,
1946.0,Henry V,Two Cities Films,1946 (19th),1946 (19th),1946.0,19.0,
1946.0,It's a Wonderful Life,Liberty Films,1946 (19th),1946 (19th),1946.0,19.0,
1946.0,The Razor's Edge,20th Century-Fox,1946 (19th),1946 (19th),1946.0,19.0,
1946.0,The Yearling,Metro-Goldwyn-Mayer,1946 (19th),1946 (19th),1946.0,19.0,
1947.0,Gentleman's Agreement,"20th Century-Fox (Darryl F. Zanuck, producer)",1947 (20th),1947 (20th),1947.0,20.0,
1947.0,The Bishop's Wife,"Samuel Goldwyn Productions (Samuel Goldwyn, producer)",1947 (20th),1947 (20th),1947.0,20.0,
1947.0,Crossfire,RKO Radio,1947 (20th),1947 (20th),1947.0,20.0,
1947.0,Great Expectations,J. Arthur Rank-Cineguild,1947 (20th),1947 (20th),1947.0,20.0,
1947.0,Miracle on 34th Street,20th Century-Fox,1947 (20th),1947 (20th),1947.0,20.0,
1948.0,Hamlet,"J. Arthur Rank-Two Cities Films (Laurence Olivier, producer)",1948 (21st),1948 (21st),1948.0,21.0,
1948.0,Johnny Belinda,Warner Bros.,1948 (21st),1948 (21st),1948.0,21.0,
1948.0,The Red Shoes,J. Arthur Rank-Archers,1948 (21st),1948 (21st),1948.0,21.0,
1948.0,The Snake Pit,20th Century-Fox,1948 (21st),1948 (21st),1948.0,21.0,
1948.0,The Treasure of the Sierra Madre,Warner Bros.,1948 (21st),1948 (21st),1948.0,21.0,
1949.0,All the King's Men,"Columbia (Robert Rossen, producer)",1949 (22nd),1949 (22nd),1949.0,22.0,
1949.0,Battleground,Metro-Goldwyn-Mayer,1949 (22nd),1949 (22nd),1949.0,22.0,
1949.0,The Heiress,Paramount,1949 (22nd),1949 (22nd),1949.0,22.0,
1949.0,A Letter to Three Wives,20th Century-Fox,1949 (22nd),1949 (22nd),1949.0,22.0,
1949.0,Twelve O'Clock High,20th Century-Fox,1949 (22nd),1949 (22nd),1949.0,22.0,
1950.0,All About Eve,"20th Century-Fox (Darryl F. Zanuck, producer)",1950 (23rd),1950 (23rd),1950.0,23.0,
1950.0,Born Yesterday,Columbia,1950 (23rd),1950 (23rd),1950.0,23.0,
1950.0,Father of the Bride,Metro-Goldwyn-Mayer,1950 (23rd),1950 (23rd),1950.0,23.0,
1950.0,King Solomon's Mines,Metro-Goldwyn-Mayer,1950 (23rd),1950 (23rd),1950.0,23.0,
1950.0,Sunset Boulevard,Paramount,1950 (23rd),1950 (23rd),1950.0,23.0,
1951.0,An American in Paris,Arthur Freed (Metro-Goldwyn-Mayer),1951 (24th),1951 (24th),1951.0,24.0,
1951.0,Decision Before Dawn,Anatole Litvak and Frank McCarthy,1951 (24th),1951 (24th),1951.0,24.0,
1951.0,A Place in the Sun,George Stevens,1951 (24th),1951 (24th),1951.0,24.0,
1951.0,Quo Vadis,Sam Zimbalist,1951 (24th),1951 (24th),1951.0,24.0,
1951.0,A Streetcar Named Desire,Charles K. Feldman,1951 (24th),1951 (24th),1951.0,24.0,
1952.0,The Greatest Show on Earth,Cecil B. DeMille (Paramount pictures),1952 (25th),1952 (25th),1952.0,25.0,
1952.0,High Noon,Stanley Kramer,1952 (25th),1952 (25th),1952.0,25.0,
1952.0,Ivanhoe,Pandro S. Berman,1952 (25th),1952 (25th),1952.0,25.0,
1952.0,Moulin Rouge,John and James Woolf,1952 (25th),1952 (25th),1952.0,25.0,
1952.0,The Quiet Man,John Ford and Merian C. Cooper,1952 (25th),1952 (25th),1952.0,25.0,
1953.0,From Here to Eternity,Buddy Adler,1953 (26th),1953 (26th),1953.0,26.0,
1953.0,Julius Caesar,John Houseman,1953 (26th),1953 (26th),1953.0,26.0,
1953.0,The Robe,Frank Ross,1953 (26th),1953 (26th),1953.0,26.0,
1953.0,Roman Holiday,William Wyler,1953 (26th),1953 (26th),1953.0,26.0,
1953.0,Shane,George Stevens,1953 (26th),1953 (26th),1953.0,26.0,
1954.0,On the Waterfront,Sam Spiegel,1954 (27th),1954 (27th),1954.0,27.0,
1954.0,The Caine Mutiny,Stanley Kramer,1954 (27th),1954 (27th),1954.0,27.0,
1954.0,The Country Girl,William Perlberg,1954 (27th),1954 (27th),1954.0,27.0,
1954.0,Seven Brides for Seven Brothers,Jack Cummings,1954 (27th),1954 (27th),1954.0,27.0,
1954.0,Three Coins in the Fountain,Sol C. Siegel,1954 (27th),1954 (27th),1954.0,27.0,
1955.0,Marty,Harold Hecht,1955 (28th),1955 (28th),1955.0,28.0,
1955.0,Love Is a Many-Splendored Thing,Buddy Adler,1955 (28th),1955 (28th),1955.0,28.0,
1955.0,Mister Roberts,Leland Hayward,1955 (28th),1955 (28th),1955.0,28.0,
1955.0,Picnic,Fred Kohlmar,1955 (28th),1955 (28th),1955.0,28.0,
1955.0,The Rose Tattoo,Hal B. Wallis,1955 (28th),1955 (28th),1955.0,28.0,
1956.0,Around the World in 80 Days,Michael Todd,1956 (29th),1956 (29th),1956.0,29.0,
1956.0,Friendly Persuasion,William Wyler,1956 (29th),1956 (29th),1956.0,29.0,
1956.0,Giant,George Stevens and Henry Ginsberg,1956 (29th),1956 (29th),1956.0,29.0,
1956.0,The King and I,Charles Brackett,1956 (29th),1956 (29th),1956.0,29.0,
1956.0,The Ten Commandments,Cecil B. DeMille,1956 (29th),1956 (29th),1956.0,29.0,
1957.0,The Bridge on the River Kwai,Sam Spiegel,1957 (30th),1957 (30th),1957.0,30.0,
1957.0,12 Angry Men,Henry Fonda and Reginald Rose,1957 (30th),1957 (30th),1957.0,30.0,
1957.0,Peyton Place,Jerry Wald,1957 (30th),1957 (30th),1957.0,30.0,
1957.0,Sayonara,William Goetz,1957 (30th),1957 (30th),1957.0,30.0,
1957.0,Witness for the Prosecution,Arthur Hornblow Jr.,1957 (30th),1957 (30th),1957.0,30.0,
1958.0,Gigi,Arthur Freed,1958 (31st),1958 (31st),1958.0,31.0,
1958.0,Auntie Mame,Jack L. Warner,1958 (31st),1958 (31st),1958.0,31.0,
1958.0,Cat on a Hot Tin Roof,Lawrence Weingarten,1958 (31st),1958 (31st),1958.0,31.0,
1958.0,The Defiant Ones,Stanley Kramer,1958 (31st),1958 (31st),1958.0,31.0,
1958.0,Separate Tables,Harold Hecht,1958 (31st),1958 (31st),1958.0,31.0,
1959.0,Ben-Hur,Sam Zimbalist,1959 (32nd),1959 (32nd),1959.0,32.0,
1959.0,Anatomy of a Murder,Otto Preminger,1959 (32nd),1959 (32nd),1959.0,32.0,
1959.0,The Diary of Anne Frank,George Stevens,1959 (32nd),1959 (32nd),1959.0,32.0,
1959.0,The Nun's Story,Henry Blanke,1959 (32nd),1959 (32nd),1959.0,32.0,
1959.0,Room at the Top,John and James Woolf,1959 (32nd),1959 (32nd),1959.0,32.0,
1960.0,The Apartment,Billy Wilder,1960 (33rd),1960 (33rd),1960.0,33.0,
1960.0,The Alamo,John Wayne,1960 (33rd),1960 (33rd),1960.0,33.0,
1960.0,Elmer Gantry,Bernard Smith,1960 (33rd),1960 (33rd),1960.0,33.0,
1960.0,Sons and Lovers,Jerry Wald,1960 (33rd),1960 (33rd),1960.0,33.0,
1960.0,The Sundowners,Fred Zinnemann,1960 (33rd),1960 (33rd),1960.0,33.0,
1961.0,West Side Story,Robert Wise,1961 (34th),1961 (34th),1961.0,34.0,
1961.0,Fanny,Joshua Logan,1961 (34th),1961 (34th),1961.0,34.0,
1961.0,The Guns of Navarone,Carl Foreman,1961 (34th),1961 (34th),1961.0,34.0,
1961.0,The Hustler,Robert Rossen,1961 (34th),1961 (34th),1961.0,34.0,
1961.0,Judgment at Nuremberg,Stanley Kramer,1961 (34th),1961 (34th),1961.0,34.0,
1962.0,Lawrence of Arabia,Sam Spiegel,1962 (35th),1962 (35th),1962.0,35.0,
1962.0,The Longest Day,Darryl F. Zanuck,1962 (35th),1962 (35th),1962.0,35.0,
1962.0,The Music Man,Morton DaCosta,1962 (35th),1962 (35th),1962.0,35.0,
1962.0,Mutiny on the Bounty,Aaron Rosenberg,1962 (35th),1962 (35th),1962.0,35.0,
1962.0,To Kill a Mockingbird,Alan J. Pakula,1962 (35th),1962 (35th),1962.0,35.0,
1963.0,Tom Jones,Tony Richardson,1963 (36th),1963 (36th),1963.0,36.0,
1963.0,America America,Elia Kazan,1963 (36th),1963 (36th),1963.0,36.0,
1963.0,Cleopatra,Walter Wanger,1963 (36th),1963 (36th),1963.0,36.0,
1963.0,How the West Was Won,Bernard Smith,1963 (36th),1963 (36th),1963.0,36.0,
1963.0,Lilies of the Field,Ralph Nelson,1963 (36th),1963 (36th),1963.0,36.0,
1964.0,My Fair Lady,Jack L. Warner,1964 (37th),1964 (37th),1964.0,37.0,
1964.0,Becket,Hal B. Wallis,1964 (37th),1964 (37th),1964.0,37.0,
1964.0,Dr. Strangelove or: How I Learned to Stop Worrying and Love the Bomb,Stanley Kubrick,1964 (37th),1964 (37th),1964.0,37.0,
1964.0,Mary Poppins,Walt Disney and Bill Walsh,1964 (37th),1964 (37th),1964.0,37.0,
1964.0,Zorba the Greek,Michael Cacoyannis,1964 (37th),1964 (37th),1964.0,37.0,
1965.0,The Sound of Music,Robert Wise,1965 (38th),1965 (38th),1965.0,38.0,
1965.0,Darling,Joseph Janni,1965 (38th),1965 (38th),1965.0,38.0,
1965.0,Doctor Zhivago,Carlo Ponti,1965 (38th),1965 (38th),1965.0,38.0,
1965.0,Ship of Fools,Stanley Kramer,1965 (38th),1965 (38th),1965.0,38.0,
1965.0,A Thousand Clowns,Fred Coe,1965 (38th),1965 (38th),1965.0,38.0,
1966.0,A Man for All Seasons,Fred Zinnemann,1966 (39th),1966 (39th),1966.0,39.0,
1966.0,Alfie,Lewis Gilbert,1966 (39th),1966 (39th),1966.0,39.0,
1966.0,"The Russians Are Coming, the Russians Are Coming",Norman Jewison,1966 (39th),1966 (39th),1966.0,39.0,
1966.0,The Sand Pebbles,Robert Wise,1966 (39th),1966 (39th),1966.0,39.0,
1966.0,Who's Afraid of Virginia Woolf?,Ernest Lehman,1966 (39th),1966 (39th),1966.0,39.0,
1967.0,In the Heat of the Night,Walter Mirisch,1967 (40th),1967 (40th),1967.0,40.0,
1967.0,Bonnie and Clyde,Warren Beatty,1967 (40th),1967 (40th),1967.0,40.0,
1967.0,Doctor Dolittle,Arthur P. Jacobs,1967 (40th),1967 (40th),1967.0,40.0,
1967.0,The Graduate,Lawrence Turman,1967 (40th),1967 (40th),1967.0,40.0,
1967.0,Guess Who's Coming to Dinner,Stanley Kramer,1967 (40th),1967 (40th),1967.0,40.0,
1968.0,Oliver!,John Woolf,1968 (41st),1968 (41st),1968.0,41.0,
1968.0,Funny Girl,Ray Stark,1968 (41st),1968 (41st),1968.0,41.0,
1968.0,The Lion in Winter,Martin Poll,1968 (41st),1968 (41st),1968.0,41.0,
1968.0,"Rachel, Rachel",Paul Newman,1968 (41st),1968 (41st),1968.0,41.0,
1968.0,Romeo and Juliet,Anthony Havelock-Allan and John Brabourne,1968 (41st),1968 (41st),1968.0,41.0,
1969.0,Midnight Cowboy,Jerome Hellman,1969 (42nd),1969 (42nd),1969.0,42.0,
1969.0,Anne of the Thousand Days,Hal B. Wallis,1969 (42nd),1969 (42nd),1969.0,42.0,
1969.0,Butch Cassidy and the Sundance Kid,John Foreman,1969 (42nd),1969 (42nd),1969.0,42.0,
1969.0,"Hello, Dolly!",Ernest Lehman,1969 (42nd),1969 (42nd),1969.0,42.0,
1969.0,Z,Jacques Perrin and Ahmed Rachedi,1969 (42nd),1969 (42nd),1969.0,42.0,
1970.0,Patton,Frank McCarthy,1970 (43rd),1970 (43rd),1970.0,43.0,
1970.0,Airport,Ross Hunter,1970 (43rd),1970 (43rd),1970.0,43.0,
1970.0,Five Easy Pieces,Bob Rafelson and Richard Wechsler,1970 (43rd),1970 (43rd),1970.0,43.0,
1970.0,Love Story,Howard G. Minsky,1970 (43rd),1970 (43rd),1970.0,43.0,
1970.0,M*A*S*H,Ingo Preminger,1970 (43rd),1970 (43rd),1970.0,43.0,
1971.0,The French Connection,Philip D'Antoni,1971 (44th),1971 (44th),1971.0,44.0,
1971.0,A Clockwork Orange,Stanley Kubrick,1971 (44th),1971 (44th),1971.0,44.0,
1971.0,Fiddler on the Roof,Norman Jewison,1971 (44th),1971 (44th),1971.0,44.0,
1971.0,The Last Picture Show,Stephen J. Friedman,1971 (44th),1971 (44th),1971.0,44.0,
1971.0,Nicholas and Alexandra,Sam Spiegel,1971 (44th),1971 (44th),1971.0,44.0,
1972.0,The Godfather,Albert S. Ruddy,1972 (45th),1972 (45th),1972.0,45.0,
1972.0,Cabaret,Cy Feuer,1972 (45th),1972 (45th),1972.0,45.0,
1972.0,Deliverance,John Boorman,1972 (45th),1972 (45th),1972.0,45.0,
1972.0,The Emigrants,Bengt Forslund,1972 (45th),1972 (45th),1972.0,45.0,
1972.0,Sounder,Robert B. Radnitz,1972 (45th),1972 (45th),1972.0,45.0,
1973.0,The Sting,"Tony Bill, Michael Phillips, and Julia Phillips",1973 (46th),1973 (46th),1973.0,46.0,
1973.0,American Graffiti,Francis Ford Coppola and Gary Kurtz,1973 (46th),1973 (46th),1973.0,46.0,
1973.0,Cries and Whispers,Ingmar Bergman,1973 (46th),1973 (46th),1973.0,46.0,
1973.0,The Exorcist,William Peter Blatty,1973 (46th),1973 (46th),1973.0,46.0,
1973.0,A Touch of Class,Melvin Frank,1973 (46th),1973 (46th),1973.0,46.0,
1974.0,The Godfather Part II,"Francis Ford Coppola, Gray Frederickson, and Fred Roos",1974 (47th),1974 (47th),1974.0,47.0,
1974.0,Chinatown,Robert Evans,1974 (47th),1974 (47th),1974.0,47.0,
1974.0,The Conversation,Francis Ford Coppola,1974 (47th),1974 (47th),1974.0,47.0,
1974.0,Lenny,Marvin Worth,1974 (47th),1974 (47th),1974.0,47.0,
1974.0,The Towering Inferno,Irwin Allen,1974 (47th),1974 (47th),1974.0,47.0,
1975.0,One Flew Over the Cuckoo's Nest,Michael Douglas and Saul Zaentz,1975 (48th),1975 (48th),1975.0,48.0,
1975.0,Barry Lyndon,Stanley Kubrick,1975 (48th),1975 (48th),1975.0,48.0,
1975.0,Dog Day Afternoon,Martin Bregman and Martin Elfand,1975 (48th),1975 (48th),1975.0,48.0,
1975.0,Jaws,Richard D. Zanuck and David Brown,1975 (48th),1975 (48th),1975.0,48.0,
1975.0,Nashville,Robert Altman,1975 (48th),1975 (48th),1975.0,48.0,
1976.0,Rocky,Irwin Winkler and Robert Chartoff,1976 (49th),1976 (49th),1976.0,49.0,
1976.0,All the President's Men,Walter Coblenz,1976 (49th),1976 (49th),1976.0,49.0,
1976.0,Bound for Glory,Robert F. Blumofe and Harold Leventhal,1976 (49th),1976 (49th),1976.0,49.0,
1976.0,Network,Howard Gottfried,1976 (49th),1976 (49th),1976.0,49.0,
1976.0,Taxi Driver,Michael Phillips and Julia Phillips,1976 (49th),1976 (49th),1976.0,49.0,
1977.0,Annie Hall,Charles H. Joffe,1977 (50th),1977 (50th),1977.0,50.0,
1977.0,The Goodbye Girl,Ray Stark,1977 (50th),1977 (50th),1977.0,50.0,
1977.0,Julia,Richard Roth,1977 (50th),1977 (50th),1977.0,50.0,
1977.0,Star Wars,Gary Kurtz,1977 (50th),1977 (50th),1977.0,50.0,
1977.0,The Turning Point,Herbert Ross and Arthur Laurents,1977 (50th),1977 (50th),1977.0,50.0,
1978.0,The Deer Hunter,"Barry Spikings, Michael Deeley, Michael Cimino, and John Peverall",1978 (51st),1978 (51st),1978.0,51.0,
1978.0,Coming Home,Jerome Hellman,1978 (51st),1978 (51st),1978.0,51.0,
1978.0,Heaven Can Wait,Warren Beatty,1978 (51st),1978 (51st),1978.0,51.0,
1978.0,Midnight Express,Alan Marshall and David Puttnam,1978 (51st),1978 (51st),1978.0,51.0,
1978.0,An Unmarried Woman,Paul Mazursky and Anthony Ray,1978 (51st),1978 (51st),1978.0,51.0,
1979.0,Kramer vs. Kramer,Stanley R. Jaffe,1979 (52nd),1979 (52nd),1979.0,52.0,
1979.0,All That Jazz,Robert Alan Aurthur,1979 (52nd),1979 (52nd),1979.0,52.0,
1979.0,Apocalypse Now,"Francis Ford Coppola, Fred Roos, Gray Frederickson, and Tom Sternberg",1979 (52nd),1979 (52nd),1979.0,52.0,
1979.0,Breaking Away,Peter Yates,1979 (52nd),1979 (52nd),1979.0,52.0,
1979.0,Norma Rae,Tamara Asseyev and Alex Rose,1979 (52nd),1979 (52nd),1979.0,52.0,
1980.0,Ordinary People,Ronald L. Schwary,1980 (53rd),1980 (53rd),1980.0,53.0,
1980.0,Coal Miner's Daughter,Bernard Schwartz,1980 (53rd),1980 (53rd),1980.0,53.0,
1980.0,The Elephant Man,Jonathan Sanger,1980 (53rd),1980 (53rd),1980.0,53.0,
1980.0,Raging Bull,Irwin Winkler and Robert Chartoff,1980 (53rd),1980 (53rd),1980.0,53.0,
1980.0,Tess,Claude Berri and Timothy Burrill,1980 (53rd),1980 (53rd),1980.0,53.0,
1981.0,Chariots of Fire,David Puttnam,1981 (54th),1981 (54th),1981.0,54.0,
1981.0,Atlantic City,Denis Héroux,1981 (54th),1981 (54th),1981.0,54.0,
1981.0,On Golden Pond,Bruce Gilbert,1981 (54th),1981 (54th),1981.0,54.0,
1981.0,Raiders of the Lost Ark,Frank Marshall,1981 (54th),1981 (54th),1981.0,54.0,
1981.0,Reds,Warren Beatty,1981 (54th),1981 (54th),1981.0,54.0,
1982.0,Gandhi,Richard Attenborough,1982 (55th),1982 (55th),1982.0,55.0,
1982.0,E.T. the Extra-Terrestrial,Steven Spielberg and Kathleen Kennedy,1982 (55th),1982 (55th),1982.0,55.0,
1982.0,Missing,Edward Lewis and Mildred Lewis,1982 (55th),1982 (55th),1982.0,55.0,
1982.0,Tootsie,Sydney Pollack and Dick Richards,1982 (55th),1982 (55th),1982.0,55.0,
1982.0,The Verdict,Richard D. Zanuck and David Brown,1982 (55th),1982 (55th),1982.0,55.0,
1983.0,Terms of Endearment,James L. Brooks,1983 (56th),1983 (56th),1983.0,56.0,
1983.0,The Big Chill,Michael Shamberg,1983 (56th),1983 (56th),1983.0,56.0,
1983.0,The Dresser,Peter Yates,1983 (56th),1983 (56th),1983.0,56.0,
1983.0,The Right Stuff,Irwin Winkler and Robert Chartoff,1983 (56th),1983 (56th),1983.0,56.0,
1983.0,Tender Mercies,Philip S. Hobel,1983 (56th),1983 (56th),1983.0,56.0,
1984.0,Amadeus,Saul Zaentz,1984 (57th),1984 (57th),1984.0,57.0,
1984.0,The Killing Fields,David Puttnam,1984 (57th),1984 (57th),1984.0,57.0,
1984.0,A Passage to India,John Brabourne and Richard Goodwin,1984 (57th),1984 (57th),1984.0,57.0,
1984.0,Places in the Heart,Arlene Donovan,1984 (57th),1984 (57th),1984.0,57.0,
1984.0,A Soldier's Story,"Norman Jewison, Ronald L. Schwary, and Patrick J. Palmer",1984 (57th),1984 (57th),1984.0,57.0,
1985.0,Out of Africa,Sydney Pollack,1985 (58th),1985 (58th),1985.0,58.0,
1985.0,The Color Purple,"Steven Spielberg, Kathleen Kennedy, Frank Marshall, and Quincy Jones",1985 (58th),1985 (58th),1985.0,58.0,
1985.0,Kiss of the Spider Woman,David Weisman,1985 (58th),1985 (58th),1985.0,58.0,
1985.0,Prizzi's Honor,John Foreman,1985 (58th),1985 (58th),1985.0,58.0,
1985.0,Witness,Edward S. Feldman,1985 (58th),1985 (58th),1985.0,58.0,
1986.0,Platoon,Arnold Kopelson,1986 (59th),1986 (59th),1986.0,59.0,
1986.0,Children of a Lesser God,Burt Sugarman and Patrick J. Palmer,1986 (59th),1986 (59th),1986.0,59.0,
1986.0,Hannah and Her Sisters,Robert Greenhut,1986 (59th),1986 (59th),1986.0,59.0,
1986.0,The Mission,Fernando Ghia and David Puttnam,1986 (59th),1986 (59th),1986.0,59.0,
1986.0,A Room with a View,Ismail Merchant,1986 (59th),1986 (59th),1986.0,59.0,
1987.0,The Last Emperor,Jeremy Thomas,1987 (60th),1987 (60th),1987.0,60.0,
1987.0,Broadcast News,James L. Brooks,1987 (60th),1987 (60th),1987.0,60.0,
1987.0,Fatal Attraction,Stanley R. Jaffe and Sherry Lansing,1987 (60th),1987 (60th),1987.0,60.0,
1987.0,Hope and Glory,John Boorman,1987 (60th),1987 (60th),1987.0,60.0,
1987.0,Moonstruck,Patrick J. Palmer and Norman Jewison,1987 (60th),1987 (60th),1987.0,60.0,
1988.0,Rain Man,Mark Johnson,1988 (61st),1988 (61st),1988.0,61.0,
1988.0,The Accidental Tourist,"Lawrence Kasdan, Charles Okun, and Michael Grillo",1988 (61st),1988 (61st),1988.0,61.0,
1988.0,Dangerous Liaisons,Norma Heyman and Hank Moonjean,1988 (61st),1988 (61st),1988.0,61.0,
1988.0,Mississippi Burning,Frederick Zollo and Robert F. Colesberry,1988 (61st),1988 (61st),1988.0,61.0,
1988.0,Working Girl,Douglas Wick,1988 (61st),1988 (61st),1988.0,61.0,
1989.0,Driving Miss Daisy,Richard D. Zanuck and Lili Fini Zanuck,1989 (62nd),1989 (62nd),1989.0,62.0,
1989.0,Born on the Fourth of July,A. Kitman Ho and Oliver Stone,1989 (62nd),1989 (62nd),1989.0,62.0,
1989.0,Dead Poets Society,"Steven Haft, Paul Junger Witt, and Tony Thomas",1989 (62nd),1989 (62nd),1989.0,62.0,
1989.0,Field of Dreams,Lawrence Gordon and Charles Gordon,1989 (62nd),1989 (62nd),1989.0,62.0,
1989.0,My Left Foot,Noel Pearson,1989 (62nd),1989 (62nd),1989.0,62.0,
1990.0,Dances With Wolves,Jim Wilson and Kevin Costner,1990 (63rd),1990 (63rd),1990.0,63.0,
1990.0,Awakenings,Walter F. Parkes and Lawrence Lasker,1990 (63rd),1990 (63rd),1990.0,63.0,
1990.0,Ghost,Lisa Weinstein,1990 (63rd),1990 (63rd),1990.0,63.0,
1990.0,The Godfather Part III,Francis Ford Coppola,1990 (63rd),1990 (63rd),1990.0,63.0,
1990.0,Goodfellas,Irwin Winkler,1990 (63rd),1990 (63rd),1990.0,63.0,
1991.0,The Silence of the Lambs,"Edward Saxon, Kenneth Utt, and Ron Bozman",1991 (64th),1991 (64th),1991.0,64.0,
1991.0,Beauty and the Beast,Don Hahn,1991 (64th),1991 (64th),1991.0,64.0,
1991.0,Bugsy,"Mark Johnson, Barry Levinson and Warren Beatty",1991 (64th),1991 (64th),1991.0,64.0,
1991.0,JFK,A. Kitman Ho and Oliver Stone,1991 (64th),1991 (64th),1991.0,64.0,
1991.0,The Prince of Tides,Barbra Streisand and Andrew Karsch,1991 (64th),1991 (64th),1991.0,64.0,
1992.0,Unforgiven,Clint Eastwood,1992 (65th),1992 (65th),1992.0,65.0,
1992.0,The Crying Game,Stephen Woolley,1992 (65th),1992 (65th),1992.0,65.0,
1992.0,A Few Good Men,"David Brown, Rob Reiner, and Andrew Scheinman",1992 (65th),1992 (65th),1992.0,65.0,
1992.0,Howards End,Ismail Merchant,1992 (65th),1992 (65th),1992.0,65.0,
1992.0,Scent of a Woman,Martin Brest,1992 (65th),1992 (65th),1992.0,65.0,
1993.0,Schindler's List,"Steven Spielberg, Gerald R. Molen, and Branko Lustig",1993 (66th),1993 (66th),1993.0,66.0,
1993.0,The Fugitive,Arnold Kopelson,1993 (66th),1993 (66th),1993.0,66.0,
1993.0,In the Name of the Father,Jim Sheridan,1993 (66th),1993 (66th),1993.0,66.0,
1993.0,The Piano,Jan Chapman,1993 (66th),1993 (66th),1993.0,66.0,
1993.0,The Remains of the Day,"Mike Nichols, John Calley, and Ismail Merchant",1993 (66th),1993 (66th),1993.0,66.0,
1994.0,Forrest Gump,"Wendy Finerman, Steve Tisch, and Steve Starkey",1994 (67th),1994 (67th),1994.0,67.0,
1994.0,Four Weddings and a Funeral,Duncan Kenworthy,1994 (67th),1994 (67th),1994.0,67.0,
1994.0,Pulp Fiction,Lawrence Bender,1994 (67th),1994 (67th),1994.0,67.0,
1994.0,Quiz Show,"Michael Jacobs, Julian Krainin, Michael Nozik, and Robert Redford",1994 (67th),1994 (67th),1994.0,67.0,
1994.0,The Shawshank Redemption,Niki Marvin,1994 (67th),1994 (67th),1994.0,67.0,
1995.0,Braveheart,"Mel Gibson, Alan Ladd Jr., and Bruce Davey",1995 (68th),1995 (68th),1995.0,68.0,
1995.0,Apollo 13,Brian Grazer,1995 (68th),1995 (68th),1995.0,68.0,
1995.0,Babe,"Bill Miller, George Miller, and Doug Mitchell",1995 (68th),1995 (68th),1995.0,68.0,
1995.0,Il Postino: The Postman,"Mario Cecchi Gori, Vittorio Cecchi Gori, and Gaetano Daniele",1995 (68th),1995 (68th),1995.0,68.0,
1995.0,Sense and Sensibility,Lindsay Doran,1995 (68th),1995 (68th),1995.0,68.0,
1996.0,The English Patient,Saul Zaentz,1996 (69th),1996 (69th),1996.0,69.0,
1996.0,Fargo,Ethan Coen,1996 (69th),1996 (69th),1996.0,69.0,
1996.0,Jerry Maguire,"James L. Brooks, Laurence Mark, Richard Sakai, and Cameron Crowe",1996 (69th),1996 (69th),1996.0,69.0,
1996.0,Secrets & Lies,Simon Channing Williams,1996 (69th),1996 (69th),1996.0,69.0,
1996.0,Shine,Jane Scott,1996 (69th),1996 (69th),1996.0,69.0,
1997.0,Titanic,James Cameron and Jon Landau,1997 (70th),1997 (70th),1997.0,70.0,
1997.0,As Good as It Gets,"James L. Brooks, Bridget Johnson, and Kristi Zea",1997 (70th),1997 (70th),1997.0,70.0,
1997.0,The Full Monty,Uberto Pasolini,1997 (70th),1997 (70th),1997.0,70.0,
1997.0,Good Will Hunting,Lawrence Bender,1997 (70th),1997 (70th),1997.0,70.0,
1997.0,L.A. Confidential,"Curtis Hanson, Arnon Milchan, and Michael Nathanson",1997 (70th),1997 (70th),1997.0,70.0,
1998.0,Shakespeare in Love,"David Parfitt, Donna Gigliotti, Harvey Weinstein, Edward Zwick, and Marc Norman",1998 (71st),1998 (71st),1998.0,71.0,
1998.0,Elizabeth,"Alison Owen, Eric Fellner and Tim Bevan",1998 (71st),1998 (71st),1998.0,71.0,
1998.0,Life Is Beautiful,Elda Ferri and Gianluigi Braschi,1998 (71st),1998 (71st),1998.0,71.0,
1998.0,Saving Private Ryan,"Steven Spielberg, Ian Bryce, Mark Gordon, and Gary Levinsohn",1998 (71st),1998 (71st),1998.0,71.0,
1998.0,The Thin Red Line,"Robert Michael Geisler, John Roberdeau, and Grant Hill",1998 (71st),1998 (71st),1998.0,71.0,
1999.0,American Beauty,Bruce Cohen and Dan Jinks,1999 (72nd),1999 (72nd),1999.0,72.0,
1999.0,The Cider House Rules,Richard N. Gladstein,1999 (72nd),1999 (72nd),1999.0,72.0,
1999.0,The Green Mile,Frank Darabont and David Valdes,1999 (72nd),1999 (72nd),1999.0,72.0,
1999.0,The Insider,Pieter Jan Brugge and Michael Mann,1999 (72nd),1999 (72nd),1999.0,72.0,
1999.0,The Sixth Sense,"Frank Marshall, Kathleen Kennedy, and Barry Mendel",1999 (72nd),1999 (72nd),1999.0,72.0,
2000.0,Gladiator,"Douglas Wick, David Franzoni, and Branko Lustig",2000 (73rd),2000 (73rd),2000.0,73.0,
2000.0,Chocolat,"David Brown, Kit Golden, and Leslie Holleran",2000 (73rd),2000 (73rd),2000.0,73.0,
2000.0,"Crouching Tiger, Hidden Dragon","William Kong, Hsu Li-kong, and Ang Lee",2000 (73rd),2000 (73rd),2000.0,73.0,
2000.0,Erin Brockovich,"Danny DeVito, Michael Shamberg, and Stacey Sher",2000 (73rd),2000 (73rd),2000.0,73.0,
2000.0,Traffic,"Edward Zwick, Marshall Herskovitz, and Laura Bickford",2000 (73rd),2000 (73rd),2000.0,73.0,
2001.0,A Beautiful Mind,Brian Grazer and Ron Howard,2001 (74th),2001 (74th),2001.0,74.0,
2001.0,Gosford Park,"Robert Altman, Bob Balaban, and David Levy",2001 (74th),2001 (74th),2001.0,74.0,
2001.0,In the Bedroom,"Graham Leader, Ross Katz, and Todd Field",2001 (74th),2001 (74th),2001.0,74.0,
2001.0,The Lord of the Rings: The Fellowship of the Ring,"Peter Jackson, Fran Walsh, and Barrie M. Osborne",2001 (74th),2001 (74th),2001.0,74.0,
2001.0,Moulin Rouge!,"Martin Brown, Baz Luhrmann, and Fred Baron",2001 (74th),2001 (74th),2001.0,74.0,
2002.0,Chicago,Martin Richards,2002 (75th),2002 (75th),2002.0,75.0,
2002.0,Gangs of New York,Alberto Grimaldi and Harvey Weinstein,2002 (75th),2002 (75th),2002.0,75.0,
2002.0,The Hours,Scott Rudin and Robert Fox,2002 (75th),2002 (75th),2002.0,75.0,
2002.0,The Lord of the Rings: The Two Towers,"Barrie M. Osborne, Fran Walsh, and Peter Jackson",2002 (75th),2002 (75th),2002.0,75.0,
2002.0,The Pianist,"Roman Polanski, Robert Benmussa, and Alain Sarde",2002 (75th),2002 (75th),2002.0,75.0,
2003.0,The Lord of the Rings: The Return of the King,"Barrie M. Osborne, Peter Jackson, and Fran Walsh",2003 (76th),2003 (76th),2003.0,76.0,
2003.0,Lost in Translation,Ross Katz and Sofia Coppola,2003 (76th),2003 (76th),2003.0,76.0,
2003.0,Master and Commander: The Far Side of the World,"Samuel Goldwyn Jr., Peter Weir, and Duncan Henderson",2003 (76th),2003 (76th),2003.0,76.0,
2003.0,Mystic River,"Robert Lorenz, Judie G. Hoyt, and Clint Eastwood",2003 (76th),2003 (76th),2003.0,76.0,
2003.0,Seabiscuit,"Kathleen Kennedy, Frank Marshall, and Gary Ross",2003 (76th),2003 (76th),2003.0,76.0,
2004.0,Million Dollar Baby,"Clint Eastwood, Albert S. Ruddy, and Tom Rosenberg",2004 (77th),2004 (77th),2004.0,77.0,
2004.0,The Aviator,Michael Mann and Graham King,2004 (77th),2004 (77th),2004.0,77.0,
2004.0,Finding Neverland,Richard N. Gladstein and Nellie Bellflower,2004 (77th),2004 (77th),2004.0,77.0,
2004.0,Ray,"Taylor Hackford, Stuart Benjamin, and Howard Baldwin",2004 (77th),2004 (77th),2004.0,77.0,
2004.0,Sideways,Michael London,2004 (77th),2004 (77th),2004.0,77.0,
2005.0,Crash,Paul Haggis and Cathy Schulman,2005 (78th),2005 (78th),2005.0,78.0,
2005.0,Brokeback Mountain,Diana Ossana and James Schamus,2005 (78th),2005 (78th),2005.0,78.0,
2005.0,Capote,"Caroline Baron, William Vince, and Michael Ohoven",2005 (78th),2005 (78th),2005.0,78.0,
2005.0,"Good Night, and Good Luck",Grant Heslov,2005 (78th),2005 (78th),2005.0,78.0,
2005.0,Munich,"Steven Spielberg, Kathleen Kennedy, and Barry Mendel",2005 (78th),2005 (78th),2005.0,78.0,
2006.0,The Departed,Graham King,2006 (79th),2006 (79th),2006.0,79.0,
2006.0,Babel,"Alejandro González Iñárritu, Steve Golin, and Jon Kilik",2006 (79th),2006 (79th),2006.0,79.0,
2006.0,Letters from Iwo Jima,"Clint Eastwood, Steven Spielberg, and Robert Lorenz",2006 (79th),2006 (79th),2006.0,79.0,
2006.0,Little Miss Sunshine,"David T. Friendly, Peter Saraf, and Marc Turtletaub",2006 (79th),2006 (79th),2006.0,79.0,
2006.0,The Queen,"Andy Harries, Christine Langan, and Tracey Seaward",2006 (79th),2006 (79th),2006.0,79.0,
2007.0,No Country for Old Men,"Scott Rudin, Joel Coen, and Ethan Coen",2007 (80th),2007 (80th),2007.0,80.0,
2007.0,Atonement,"Tim Bevan, Eric Fellner, and Paul Webster",2007 (80th),2007 (80th),2007.0,80.0,
2007.0,Juno,"Lianne Halfon, Mason Novick, and Russell Smith",2007 (80th),2007 (80th),2007.0,80.0,
2007.0,Michael Clayton,"Jennifer Fox, Kerry Orent, and Sydney Pollack",2007 (80th),2007 (80th),2007.0,80.0,
2007.0,There Will Be Blood,"Paul Thomas Anderson, Daniel Lupi, and JoAnne Sellar",2007 (80th),2007 (80th),2007.0,80.0,
2008.0,Slumdog Millionaire,Christian Colson,2008 (81st),2008 (81st),2008.0,81.0,
2008.0,The Curious Case of Benjamin Button,"Kathleen Kennedy, Frank Marshall, and Ceán Chaffin",2008 (81st),2008 (81st),2008.0,81.0,
2008.0,Frost/Nixon,"Ron Howard, Brian Grazer, and Eric Fellner",2008 (81st),2008 (81st),2008.0,81.0,
2008.0,Milk,Bruce Cohen and Dan Jinks,2008 (81st),2008 (81st),2008.0,81.0,
2008.0,The Reader,"Anthony Minghella, Sydney Pollack, Donna Gigliotti, and Redmond Morris",2008 (81st),2008 (81st),2008.0,81.0,
2009.0,The Hurt Locker,"Kathryn Bigelow, Mark Boal, Nicolas Chartier, and Greg Shapiro",2009 (82nd),2009 (82nd),2009.0,82.0,
2009.0,Avatar,James Cameron and Jon Landau,2009 (82nd),2009 (82nd),2009.0,82.0,
2009.0,The Blind Side,"Gil Netter, Andrew Kosove, and Broderick Johnson",2009 (82nd),2009 (82nd),2009.0,82.0,
2009.0,District 9,Peter Jackson and Carolynne Cunningham,2009 (82nd),2009 (82nd),2009.0,82.0,
2009.0,An Education,Finola Dwyer and Amanda Posey,2009 (82nd),2009 (82nd),2009.0,82.0,
2009.0,Inglourious Basterds,Lawrence Bender,2009 (82nd),2009 (82nd),2009.0,82.0,
2009.0,"Precious: Based on the Novel ""Push"" by Sapphire","Lee Daniels, Sarah Siegel-Magness, and Gary Magness",2009 (82nd),2009 (82nd),2009.0,82.0,
2009.0,A Serious Man,Joel Coen and Ethan Coen,2009 (82nd),2009 (82nd),2009.0,82.0,
2009.0,Up,Jonas Rivera,2009 (82nd),2009 (82nd),2009.0,82.0,
2009.0,Up in the Air,"Daniel Dubiecki, Ivan Reitman, and Jason Reitman",2009 (82nd),2009 (82nd),2009.0,82.0,
2010.0,The King's Speech,"Iain Canning, Emile Sherman, and Gareth Unwin",2010 (83rd),2010 (83rd),2010.0,83.0,
2010.0,Black Swan,"Scott Franklin, Mike Medavoy, and Brian Oliver",2010 (83rd),2010 (83rd),2010.0,83.0,
2010.0,The Fighter,"David Hoberman, Todd Lieberman, and Mark Wahlberg",2010 (83rd),2010 (83rd),2010.0,83.0,
2010.0,Inception,Christopher Nolan and Emma Thomas,2010 (83rd),2010 (83rd),2010.0,83.0,
2010.0,The Kids Are All Right,"Gary Gilbert, Jeff Levy-Hinte, and Celine Rattray",2010 (83rd),2010 (83rd),2010.0,83.0,
2010.0,127 Hours,"Danny Boyle, John Smithson, and Christian Colson",2010 (83rd),2010 (83rd),2010.0,83.0,
2010.0,The Social Network,"Dana Brunetti, Ceán Chaffin, Michael De Luca, and Scott Rudin",2010 (83rd),2010 (83rd),2010.0,83.0,
2010.0,Toy Story 3,Darla K. Anderson,2010 (83rd),2010 (83rd),2010.0,83.0,
2010.0,True Grit,"Joel Coen, Ethan Coen, and Scott Rudin",2010 (83rd),2010 (83rd),2010.0,83.0,
2010.0,Winter's Bone,Alix Madigan and Anne Rosellini,2010 (83rd),2010 (83rd),2010.0,83.0,
2011.0,The Artist,Thomas Langmann,2011 (84th),2011 (84th),2011.0,84.0,
2011.0,The Descendants,"Jim Burke, Alexander Payne, and Jim Taylor",2011 (84th),2011 (84th),2011.0,84.0,
2011.0,Extremely Loud & Incredibly Close,Scott Rudin,2011 (84th),2011 (84th),2011.0,84.0,
2011.0,The Help,"Brunson Green, Chris Columbus, and Michael Barnathan",2011 (84th),2011 (84th),2011.0,84.0,
2011.0,Hugo,Graham King and Martin Scorsese,2011 (84th),2011 (84th),2011.0,84.0,
2011.0,Midnight in Paris,Letty Aronson and Stephen Tenenbaum,2011 (84th),2011 (84th),2011.0,84.0,
2011.0,Moneyball,"Michael De Luca, Rachael Horovitz, and Brad Pitt",2011 (84th),2011 (84th),2011.0,84.0,
2011.0,The Tree of Life,"Sarah Green, Bill Pohlad, Dede Gardner, and Grant Hill",2011 (84th),2011 (84th),2011.0,84.0,
2011.0,War Horse,Steven Spielberg and Kathleen Kennedy,2011 (84th),2011 (84th),2011.0,84.0,
2012.0,Argo,"Grant Heslov, Ben Affleck, and George Clooney",2012 (85th),2012 (85th),2012.0,85.0,
2012.0,Amour,"Margaret Ménégoz, Stefan Arndt, Veit Heiduschka, and Michael Katz",2012 (85th),2012 (85th),2012.0,85.0,
2012.0,Beasts of the Southern Wild,"Dan Janvey, Josh Penn, and Michael Gottwald",2012 (85th),2012 (85th),2012.0,85.0,
2012.0,Django Unchained,"Stacey Sher, Reginald Hudlin, and Pilar Savone",2012 (85th),2012 (85th),2012.0,85.0,
2012.0,Life of Pi,"Gil Netter, Ang Lee, and David Womark",2012 (85th),2012 (85th),2012.0,85.0,
2012.0,Lincoln,Steven Spielberg and Kathleen Kennedy,2012 (85th),2012 (85th),2012.0,85.0,
2012.0,Les Misérables,"Tim Bevan, Eric Fellner, Debra Hayward, and Cameron Mackintosh",2012 (85th),2012 (85th),2012.0,85.0,
2012.0,Silver Linings Playbook,"Donna Gigliotti, Bruce Cohen, and Jonathan Gordon",2012 (85th),2012 (85th),2012.0,85.0,
2012.0,Zero Dark Thirty,"Mark Boal, Kathryn Bigelow, and Megan Ellison",2012 (85th),2012 (85th),2012.0,85.0,
2013.0,12 Years a Slave,"Brad Pitt, Dede Gardner, Jeremy Kleiner, Steve McQueen, and Anthony Katagas",2013 (86th),2013 (86th),2013.0,86.0,
2013.0,American Hustle,"Charles Roven, Richard Suckle, Megan Ellison, and Jonathan Gordon",2013 (86th),2013 (86th),2013.0,86.0,
2013.0,Captain Phillips,"Scott Rudin, Dana Brunetti, and Michael De Luca",2013 (86th),2013 (86th),2013.0,86.0,
2013.0,Dallas Buyers Club,Robbie Brenner and Rachel Winter,2013 (86th),2013 (86th),2013.0,86.0,
2013.0,Gravity,Alfonso Cuarón and David Heyman,2013 (86th),2013 (86th),2013.0,86.0,
2013.0,Her,"Megan Ellison, Spike Jonze, and Vincent Landay",2013 (86th),2013 (86th),2013.0,86.0,
2013.0,Nebraska,Albert Berger and Ron Yerxa,2013 (86th),2013 (86th),2013.0,86.0,
2013.0,Philomena,"Gabrielle Tana, Steve Coogan, and Tracey Seaward",2013 (86th),2013 (86th),2013.0,86.0,
2013.0,The Wolf of Wall Street,"Martin Scorsese, Leonardo DiCaprio, Joey McFarland, and Emma Tillinger Koskoff",2013 (86th),2013 (86th),2013.0,86.0,
2014.0,Birdman or (The Unexpected Virtue of Ignorance),"Alejandro González Iñárritu, John Lesher, and James W. Skotchdopole",2014 (87th),2014 (87th),2014.0,87.0,
2014.0,American Sniper,"Clint Eastwood, Andrew Lazar, Robert Lorenz, Bradley Cooper, and Peter Morgan",2014 (87th),2014 (87th),2014.0,87.0,
2014.0,Boyhood,Richard Linklater and Cathleen Sutherland,2014 (87th),2014 (87th),2014.0,87.0,
2014.0,The Grand Budapest Hotel,"Wes Anderson, Scott Rudin, Steven Rales, and Jeremy Dawson",2014 (87th),2014 (87th),2014.0,87.0,
2014.0,The Imitation Game,"Nora Grossman, Ido Ostrowsky, and Teddy Schwarzman",2014 (87th),2014 (87th),2014.0,87.0,
2014.0,Selma,"Christian Colson, Oprah Winfrey, Dede Gardner, and Jeremy Kleiner",2014 (87th),2014 (87th),2014.0,87.0,
2014.0,The Theory of Everything,"Tim Bevan, Eric Fellner, Lisa Bruce, and Anthony McCarten",2014 (87th),2014 (87th),2014.0,87.0,
2014.0,Whiplash,"Jason Blum, Helen Estabrook, and David Lancaster",2014 (87th),2014 (87th),2014.0,87.0,
2015.0,Spotlight,"Blye Pagon Faust, Steve Golin, Nicole Rocklin, and Michael Sugar",2015 (88th),2015 (88th),2015.0,88.0,
2015.0,The Big Short,"Dede Gardner, Jeremy Kleiner, and Brad Pitt",2015 (88th),2015 (88th),2015.0,88.0,
2015.0,Bridge of Spies,"Steven Spielberg, Marc Platt, and Kristie Macosko Krieger",2015 (88th),2015 (88th),2015.0,88.0,
2015.0,Brooklyn,Finola Dwyer and Amanda Posey,2015 (88th),2015 (88th),2015.0,88.0,
2015.0,Mad Max: Fury Road,Doug Mitchell and George Miller,2015 (88th),2015 (88th),2015.0,88.0,
2015.0,The Martian,"Simon Kinberg, Ridley Scott, Michael Schaefer, and Mark Huffam",2015 (88th),2015 (88th),2015.0,88.0,
2015.0,The Revenant,"Arnon Milchan, Steve Golin, Alejandro González Iñárritu, Mary Parent, and Keith Redmon",2015 (88th),2015 (88th),2015.0,88.0,
2015.0,Room,Ed Guiney,2015 (88th),2015 (88th),2015.0,88.0,
2016.0,Moonlight,"Adele Romanski, Dede Gardner, and Jeremy Kleiner",2016 (89th),2016 (89th),2016.0,89.0,
2016.0,Arrival,"Shawn Levy, Dan Levine, Aaron Ryder, and David Linde",2016 (89th),2016 (89th),2016.0,89.0,
2016.0,Fences,"Scott Rudin, Denzel Washington, and Todd Black",2016 (89th),2016 (89th),2016.0,89.0,
2016.0,Hacksaw Ridge,Bill Mechanic and David Permut,2016 (89th),2016 (89th),2016.0,89.0,
2016.0,Hell or High Water,Carla Hacken and Julie Yorn,2016 (89th),2016 (89th),2016.0,89.0,
2016.0,Hidden Figures,"Donna Gigliotti, Peter Chernin, Jenno Topping, Pharrell Williams, and Theodore Melfi",2016 (89th),2016 (89th),2016.0,89.0,
2016.0,La La Land,"Fred Berger, Jordan Horowitz, and Marc Platt",2016 (89th),2016 (89th),2016.0,89.0,
2016.0,Lion,"Emile Sherman, Iain Canning, and Angie Fielder",2016 (89th),2016 (89th),2016.0,89.0,
2016.0,Manchester by the Sea,"Matt Damon, Kimberly Steward, Chris Moore, Lauren Beck, and Kevin J. Walsh",2016 (89th),2016 (89th),2016.0,89.0,
2017.0,The Shape of Water,Guillermo del Toro and J. Miles Dale,2017 (90th),2017 (90th),2017.0,90.0,
2017.0,Call Me by Your Name,"Peter Spears, Luca Guadagnino, Emilie Georges, and Marco Morabito",2017 (90th),2017 (90th),2017.0,90.0,
2017.0,Darkest Hour,"Tim Bevan, Eric Fellner, Lisa Bruce, Anthony McCarten, and Douglas Urbanski",2017 (90th),2017 (90th),2017.0,90.0,
2017.0,Dunkirk,Emma Thomas and Christopher Nolan,2017 (90th),2017 (90th),2017.0,90.0,
2017.0,Get Out,"Sean McKittrick, Jason Blum, Edward H. Hamm Jr., and Jordan Peele",2017 (90th),2017 (90th),2017.0,90.0,
2017.0,Lady Bird,"Scott Rudin, Eli Bush, and Evelyn O'Neill",2017 (90th),2017 (90th),2017.0,90.0,
2017.0,Phantom Thread,"JoAnne Sellar, Paul Thomas Anderson, Megan Ellison, and Daniel Lupi",2017 (90th),2017 (90th),2017.0,90.0,
2017.0,The Post,"Amy Pascal, Steven Spielberg, and Kristie Macosko Krieger",2017 (90th),2017 (90th),2017.0,90.0,
2017.0,"Three Billboards Outside Ebbing, Missouri","Graham Broadbent, Peter Czernin, and Martin McDonagh",2017 (90th),2017 (90th),2017.0,90.0,
2018.0,Green Book,"Jim Burke, Charles B. Wessler, Brian Currie, Peter Farrelly, and Nick Vallelonga",2018 (91st),2018 (91st),2018.0,91.0,
2018.0,Black Panther,Kevin Feige,2018 (91st),2018 (91st),2018.0,91.0,
2018.0,BlacKkKlansman,"Sean McKittrick, Jason Blum, Raymond Mansfield, Jordan Peele, and Spike Lee",2018 (91st),2018 (91st),2018.0,91.0,
2018.0,Bohemian Rhapsody,Graham King,2018 (91st),2018 (91st),2018.0,91.0,
2018.0,The Favourite,"Ceci Dempsey, Ed Guiney, Lee Magiday, and Yorgos Lanthimos",2018 (91st),2018 (91st),2018.0,91.0,
2018.0,Roma,Gabriela Rodríguez and Alfonso Cuarón,2018 (91st),2018 (91st),2018.0,91.0,
2018.0,A Star Is Born,"Bill Gerber, Bradley Cooper, and Lynette Howell Taylor",2018 (91st),2018 (91st),2018.0,91.0,
2018.0,Vice,"Dede Gardner, Jeremy Kleiner, Adam McKay, and Kevin Messick",2018 (91st),2018 (91st),2018.0,91.0,
2019.0,Parasite,Kwak Sin-ae and Bong Joon-ho,2019 (92nd),2019 (92nd),2019.0,92.0,
2019.0,Ford v Ferrari,"Peter Chernin, Jenno Topping, and James Mangold",2019 (92nd),2019 (92nd),2019.0,92.0,
2019.0,The Irishman,"Martin Scorsese, Robert De Niro, Jane Rosenthal, and Emma Tillinger Koskoff",2019 (92nd),2019 (92nd),2019.0,92.0,
2019.0,Jojo Rabbit,"Carthew Neal, Taika Waititi, and Chelsea Winstanley",2019 (92nd),2019 (92nd),2019.0,92.0,
2019.0,Joker,"Todd Phillips, Bradley Cooper, and Emma Tillinger Koskoff",2019 (92nd),2019 (92nd),2019.0,92.0,
2019.0,Little Women,Amy Pascal,2019 (92nd),2019 (92nd),2019.0,92.0,
2019.0,Marriage Story,Noah Baumbach and David Heyman,2019 (92nd),2019 (92nd),2019.0,92.0,
2019.0,1917,"Sam Mendes, Pippa Harris, Jayne-Ann Tenggren, and Callum McDougall",2019 (92nd),2019 (92nd),2019.0,92.0,
2019.0,Once Upon a Time in Hollywood,"David Heyman, Shannon McIntosh, and Quentin Tarantino",2019 (92nd),2019 (92nd),2019.0,92.0,
2020.0,Nomadland,"Frances McDormand, Peter Spears, Mollye Asher, Dan Janvey, and Chloé Zhao",2020/21 [f] (93rd),2020/21 [f] (93rd),2020.0,93.0,
2020.0,The Father,"David Parfitt, Jean-Louis Livi, and Philippe Carcassonne",2020/21 [f] (93rd),2020/21 [f] (93rd),2020.0,93.0,
2020.0,Judas and the Black Messiah,"Shaka King, Charles D. King, and Ryan Coogler",2020/21 [f] (93rd),2020/21 [f] (93rd),2020.0,93.0,
2020.0,Mank,"Ceán Chaffin, Eric Roth, and Douglas Urbanski",2020/21 [f] (93rd),2020/21 [f] (93rd),2020.0,93.0,
2020.0,Minari,Christina Oh,2020/21 [f] (93rd),2020/21 [f] (93rd),2020.0,93.0,
2020.0,Promising Young Woman,"Ben Browning, Ashley Fox, Emerald Fennell, and Josey McNamara",2020/21 [f] (93rd),2020/21 [f] (93rd),2020.0,93.0,
2020.0,Sound of Metal,Bert Hamelinck and Sacha Ben Harroche,2020/21 [f] (93rd),2020/21 [f] (93rd),2020.0,93.0,
2020.0,The Trial of the Chicago 7,Marc Platt and Stuart M. Besser,2020/21 [f] (93rd),2020/21 [f] (93rd),2020.0,93.0,
2021.0,CODA,"Philippe Rousselet, Fabrice Gianfermi, and Patrick Wachsberger",2021 [g] (94th),2021 [g] (94th),2021.0,94.0,
2021.0,Belfast,"Laura Berwick, Kenneth Branagh, Becca Kovacik, and Tamar Thomas",2021 [g] (94th),2021 [g] (94th),2021.0,94.0,
2021.0,Don't Look Up,Adam McKay and Kevin Messick,2021 [g] (94th),2021 [g] (94th),2021.0,94.0,
2021.0,Drive My Car,Teruhisa Yamamoto,2021 [g] (94th),2021 [g] (94th),2021.0,94.0,
2021.0,Dune,"Mary Parent, Denis Villeneuve, and Cale Boyter",2021 [g] (94th),2021 [g] (94th),2021.0,94.0,
2021.0,King Richard,"Tim White, Trevor White, and Will Smith",2021 [g] (94th),2021 [g] (94th),2021.0,94.0,
2021.0,Licorice Pizza,"Sara Murphy, Adam Somner, and Paul Thomas Anderson",2021 [g] (94th),2021 [g] (94th),2021.0,94.0,
2021.0,Nightmare Alley,"Guillermo del Toro, J. Miles Dale, and Bradley Cooper",2021 [g] (94th),2021 [g] (94th),2021.0,94.0,
2021.0,The Power of the Dog,"Jane Campion, Tanya Seghatchian, Emile Sherman, Iain Canning, and Roger Frappier",2021 [g] (94th),2021 [g] (94th),2021.0,94.0,
2021.0,West Side Story,Steven Spielberg and Kristie Macosko Krieger,2021 [g] (94th),2021 [g] (94th),2021.0,94.0,
2022.0,Everything Everywhere All at Once,"Daniel Kwan, Daniel Scheinert, and Jonathan Wang",2022 (95th),2022 (95th),2022.0,95.0,
2022.0,All Quiet on the Western Front,Malte Grunert,2022 (95th),2022 (95th),2022.0,95.0,
2022.0,Avatar: The Way of Water,James Cameron and Jon Landau,2022 (95th),2022 (95th),2022.0,95.0,
2022.0,The Banshees of Inisherin,"Graham Broadbent, Peter Czernin, and Martin McDonagh",2022 (95th),2022 (95th),2022.0,95.0,
2022.0,Elvis,"Baz Luhrmann, Catherine Martin, Gail Berman, Patrick McCormick, and Schuyler Weiss",2022 (95th),2022 (95th),2022.0,95.0,
2022.0,The Fabelmans,"Kristie Macosko Krieger, Steven Spielberg, and Tony Kushner",2022 (95th),2022 (95th),2022.0,95.0,
2022.0,Tár,"Todd Field, Alexandra Milchan, and Scott Lambert",2022 (95th),2022 (95th),2022.0,95.0,
2022.0,Top Gun: Maverick,"Tom Cruise, Christopher McQuarrie, David Ellison, and Jerry Bruckheimer",2022 (95th),2022 (95th),2022.0,95.0,
2022.0,Triangle of Sadness,Erik Hemmendorff and Philippe Bober,2022 (95th),2022 (95th),2022.0,95.0,
2022.0,Women Talking,"Dede Gardner, Jeremy Kleiner, and Frances McDormand",2022 (95th),2022 (95th),2022.0,95.0,
2023.0,Oppenheimer,"Emma Thomas, Charles Roven, and Christopher Nolan",2023 (96th),2023 (96th),2023.0,96.0,
2023.0,American Fiction,"Ben LeClair, Nikos Karamigios, Cord Jefferson, and Jermaine Johnson",2023 (96th),2023 (96th),2023.0,96.0,
2023.0,Anatomy of a Fall,Marie-Ange Luciani and David Thion,2023 (96th),2023 (96th),2023.0,96.0,
2023.0,Barbie,"David Heyman, Margot Robbie, Tom Ackerley, and Robbie Brenner",2023 (96th),2023 (96th),2023.0,96.0,
2023.0,The Holdovers,Mark Johnson,2023 (96th),2023 (96th),2023.0,96.0,
2023.0,Killers of the Flower Moon,"Dan Friedkin, Bradley Thomas, Martin Scorsese, and Daniel Lupi",2023 (96th),2023 (96th),2023.0,96.0,
2023.0,Maestro,"Bradley Cooper, Steven Spielberg, Fred Berner, Amy Durning, and Kristie Macosko Krieger",2023 (96th),2023 (96th),2023.0,96.0,
2023.0,Past Lives,"David Hinojosa, Christine Vachon, and Pamela Koffler",2023 (96th),2023 (96th),2023.0,96.0,
2023.0,Poor Things,"Ed Guiney, Andrew Lowe, Yorgos Lanthimos, and Emma Stone",2023 (96th),2023 (96th),2023.0,96.0,
2023.0,The Zone of Interest,James Wilson,2023 (96th),2023 (96th),2023.0,96.0,
2024.0,Anora,"Alex Coco, Samantha Quan, and Sean Baker",2024 (97th),2024 (97th),2024.0,97.0,
2024.0,The Brutalist,"Nick Gordon, Brian Young, Andrew Morrison, D.J. Gugenheim, and Brady Corbet",2024 (97th),2024 (97th),2024.0,97.0,
2024.0,A Complete Unknown,"Fred Berger, James Mangold, and Alex Heineman",2024 (97th),2024 (97th),2024.0,97.0,
2024.0,Conclave,"Tessa Ross, Juliette Howell, and Michael A. Jackman",2024 (97th),2024 (97th),2024.0,97.0,
2024.0,Dune: Part Two,"Mary Parent, Cale Boyter, Tanya Lapointe, and Denis Villeneuve",2024 (97th),2024 (97th),2024.0,97.0,
2024.0,Emilia Pérez,Pascal Caucheteux and Jacques Audiard,2024 (97th),2024 (97th),2024.0,97.0,
2024.0,I'm Still Here,Maria Carlota Bruno and Rodrigo Teixeira,2024 (97th),2024 (97th),2024.0,97.0,
2024.0,Nickel Boys,"Dede Gardner, Jeremy Kleiner, and Joslyn Barnes",2024 (97th),2024 (97th),2024.0,97.0,
2024.0,The Substance,"Coralie Fargeat, Tim Bevan, and Eric Fellner",2024 (97th),2024 (97th),2024.0,97.0,
2024.0,Wicked,Marc Platt,2024 (97th),2024 (97th),2024.0,97.0,
2025.0,One Battle After Another,"Adam Somner, Sara Murphy, and Paul Thomas Anderson",2025 (98th),2025 (98th),2025.0,98.0,
2025.0,Bugonia,"Ed Guiney, Andrew Lowe, Yorgos Lanthimos, Emma Stone, and Lars Knudsen",2025 (98th),2025 (98th),2025.0,98.0,
2025.0,F1,"Chad Oman, Brad Pitt, Dede Gardner, Jeremy Kleiner, Joseph Kosinski, and Jerry Bruckheimer",2025 (98th),2025 (98th),2025.0,98.0,
2025.0,Frankenstein,"Guillermo del Toro, J. Miles Dale, and Scott Stuber",2025 (98th),2025 (98th),2025.0,98.0,
2025.0,Hamnet,"Liza Marshall, Pippa Harris, Nicolas Gonda, Steven Spielberg and Sam Mendes",2025 (98th),2025 (98th),2025.0,98.0,
2025.0,Marty Supreme,"Eli Bush, Ronald Bronstein, Josh Safdie, Anthony Katagas and Timothée Chalamet",2025 (98th),2025 (98th),2025.0,98.0,
2025.0,The Secret Agent,Emilie Lesclaux,2025 (98th),2025 (98th),2025.0,98.0,
2025.0,Sentimental Value,Maria Ekerhovd and Andrea Berentsen Ottmar,2025 (98th),2025 (98th),2025.0,98.0,
2025.0,Sinners,"Zinzi Coogler, Sev Ohanian, and Ryan Coogler",2025 (98th),2025 (98th),2025.0,98.0,
2025.0,Train Dreams,"Marissa McMahon, Teddy Schwarzman, Will Janowitz, Ashley Schlaifer, and Michael Heimler",2025 (98th),2025 (98th),2025.0,98.0,
,The English Patient,Saul Zaentz,,nan,,,
,American Sniper,Clint Eastwood,,nan,,,
,All Quiet on the Western Front,Carl Laemmle Jr.,,nan,,,
